model,delta,G_P,G_T,J_P,Lambda_TT
bgk,0.01,3.049650,1.235816,1.235816,6.674055
bgk,0.014678,2.859658,1.138384,1.138384,6.194146
bgk,0.021544,2.676138,1.043389,1.043389,5.716479
bgk,0.031623,2.500273,0.951183,0.951183,5.241679
bgk,0.046416,2.333430,0.862149,0.862149,4.770766
bgk,0.068129,2.177052,0.776628,0.776628,4.304967
bgk,0.1,2.032714,0.694927,0.694927,3.845970
bgk,0.14678,1.902148,0.617306,0.617306,3.396069
bgk,0.215443,1.787275,0.543956,0.543956,2.958268
bgk,0.316228,1.690319,0.474996,0.474996,2.536426
bgk,0.464159,1.613999,0.410486,0.410486,2.135337
bgk,0.681292,1.561839,0.350447,0.350447,1.760595
bgk,1.0,1.538678,0.294900,0.294900,1.418245
bgk,1.467799,1.551478,0.243915,0.243915,1.114077
bgk,2.154435,1.610566,0.197659,0.197659,0.852624
bgk,3.162278,1.731541,0.156416,0.156416,0.636098
bgk,4.641589,1.938073,0.120557,0.120557,0.463663
bgk,6.812921,2.265942,0.090410,0.090410,0.331451
bgk,10.0,2.768644,0.066076,0.066076,0.233408
bgk,14.677993,3.525246,0.047263,0.047263,0.162609
bgk,21.544347,4.651753,0.033270,0.033270,0.112459
bgk,31.622777,6.318159,0.023166,0.023166,0.077395
bgk,46.415888,8.773935,0.016014,0.016014,0.053089
bgk,68.129207,12.385479,0.011018,0.011018,0.036337
bgk,100.0,17.691059,0.007556,0.007556,0.024834
shakhov,0.01,3.051708,1.246929,1.246929,6.734055
shakhov,0.014678,2.862232,1.152379,1.152379,6.270266
shakhov,0.021544,2.679326,1.060846,1.060846,5.812079
shakhov,0.031623,2.504187,0.972737,0.972737,5.360385
shakhov,0.046416,2.338190,0.888463,0.888463,4.916264
shakhov,0.068129,2.182784,0.808361,0.808361,4.480686
shakhov,0.1,2.039549,0.732678,0.732678,4.054606
shakhov,0.14678,1.910210,0.661539,0.661539,3.638944
shakhov,0.215443,1.796678,0.594896,0.594896,3.234562
shakhov,0.316228,1.701150,0.532503,0.532503,2.842351
shakhov,0.464159,1.626296,0.473906,0.473906,2.463464
shakhov,0.681292,1.575556,0.418466,0.418466,2.099649
shakhov,1.0,1.553646,0.365456,0.365456,1.753750
shakhov,1.467799,1.567359,0.314247,0.314247,1.430153
shakhov,2.154435,1.626836,0.264583,0.264583,1.134806
shakhov,3.162278,1.747515,0.216849,0.216849,0.874368
shakhov,4.641589,1.953015,0.172163,0.172163,0.654365
shakhov,6.812921,2.279221,0.132111,0.132111,0.477101
shakhov,10.0,2.779899,0.098147,0.098147,0.340628
shakhov,14.677993,3.534445,0.070972,0.070972,0.239494
shakhov,21.544347,4.659132,0.050312,0.050312,0.166635
shakhov,31.622777,6.324077,0.035192,0.035192,0.115139
shakhov,46.415888,8.778754,0.024401,0.024401,0.079192
shakhov,68.129207,12.389500,0.016821,0.016821,0.054300
shakhov,100.0,17.694513,0.011552,0.011552,0.037155
