delta,G_P this code (BGK),Cercignani & Daneri,Cercignani & Pagani,Huang et al.,spread of the three
0.01,3.0496,3.0499,3.0489,2.2114,2.2114-3.0499
0.1,2.0327,2.0328,2.0314,1.9829,1.9829-2.0328
0.2,1.8082,1.8083,1.8079,1.8167,1.8079-1.8167
0.5,1.6019,1.6017,1.6017,1.605,1.6017-1.6050
1.0,1.5387,1.5379,1.5389,1.5381,1.5379-1.5389
2.0,1.5949,1.5912,1.5942,1.595,1.5912-1.5950
4.0,1.8459,1.845,1.844,1.8459,1.8440-1.8459
5.0,1.9908,1.9895,1.9883,1.9908,1.9883-1.9908
7.0,2.2949,2.2904,2.2914,2.2945,2.2904-2.2945
10.0,2.7686,2.7558,2.7638,2.7681,2.7558-2.7681
